{"stats":{"minecraft:used":{"minecraft:crimson_stem":73,"minecraft:oak_fence":5,"minecraft:end_rod":1,"minecraft:water_bucket":6,"minecraft:jungle_leaves":2,"minecraft:iron_bars":13,"minecraft:dropper":155,"minecraft:flint_and_steel":1,"minecraft:armor_stand":5,"minecraft:powered_rail":41,"minecraft:dispenser":9,"minecraft:redstone":1133,"minecraft:oak_sign":37,"minecraft:chest":199,"minecraft:fox_spawn_egg":5,"minecraft:ender_chest":2,"minecraft:composter":84,"minecraft:redstone_block":347,"minecraft:cauldron":3,"minecraft:white_wool":1,"minecraft:netherrack":5,"minecraft:oak_leaves":25,"minecraft:birch_pressure_plate":11,"minecraft:warped_wart_block":5,"minecraft:rail":65,"minecraft:comparator":144,"minecraft:hopper":251,"minecraft:white_carpet":4,"minecraft:tnt":25,"minecraft:cobblestone_wall":1,"minecraft:shulker_box":8,"minecraft:light_gray_glazed_terracotta":18,"minecraft:note_block":39,"minecraft:obsidian":42,"minecraft:birch_fence":19,"minecraft:redstone_torch":71,"minecraft:glass":1405,"minecraft:sticky_piston":501,"minecraft:piston":215,"minecraft:lever":51,"minecraft:packed_ice":21,"minecraft:honey_block":21,"minecraft:activator_rail":7,"minecraft:stripped_jungle_log":16,"minecraft:command_block":19,"minecraft:quartz_slab":8,"minecraft:heavy_weighted_pressure_plate":1,"minecraft:iron_block":2405,"minecraft:light_weighted_pressure_plate":1,"minecraft:slime_block":303,"minecraft:stone_button":31,"minecraft:chicken_spawn_egg":4,"minecraft:warped_nylium":115,"minecraft:spruce_trapdoor":6,"minecraft:smooth_quartz":31,"minecraft:oak_pressure_plate":10,"minecraft:iron_door":31,"minecraft:hopper_minecart":40,"minecraft:crimson_nylium":36,"minecraft:barrel":1,"minecraft:birch_trapdoor":20,"minecraft:repeater":247,"minecraft:redstone_lamp":8,"minecraft:black_stained_glass":455,"minecraft:iron_trapdoor":17,"minecraft:furnace":3,"minecraft:gold_block":6,"minecraft:repeating_command_block":3,"minecraft:glass_pane":13,"minecraft:chest_minecart":16,"minecraft:stone_pressure_plate":2,"minecraft:observer":689,"minecraft:bone_meal":4,"minecraft:cobweb":5},"minecraft:dropped":{"minecraft:warped_stem":65,"minecraft:oak_pressure_plate":1,"minecraft:sticky_piston":1,"minecraft:weeping_vines":64,"minecraft:observer":8,"minecraft:comparator":3,"minecraft:slime_block":1,"minecraft:command_block":1,"minecraft:oak_sign":1,"minecraft:shulker_box":1,"minecraft:gold_block":6,"minecraft:iron_block":709,"minecraft:stone_button":1,"minecraft:repeater":12,"minecraft:honey_block":1,"minecraft:chest":1,"minecraft:glass":168,"minecraft:black_stained_glass":11,"minecraft:oak_leaves":64,"minecraft:redstone_block":64,"minecraft:redstone":148,"minecraft:egg":1},"minecraft:custom":{"minecraft:interact_with_furnace":1,"minecraft:inspect_dropper":404,"minecraft:mob_kills":3,"minecraft:inspect_hopper":503,"minecraft:tune_noteblock":20,"minecraft:open_barrel":49,"minecraft:fill_cauldron":1,"minecraft:play_one_minute":4864485,"minecraft:open_shulker_box":10,"minecraft:leave_game":51,"minecraft:time_since_death":2132337,"minecraft:climb_one_cm":1290,"minecraft:time_since_rest":2132363,"minecraft:sprint_one_cm":164824,"minecraft:walk_one_cm":496146,"minecraft:drop":180,"minecraft:damage_dealt":90,"minecraft:fly_one_cm":8089694,"minecraft:open_chest":260,"minecraft:crouch_one_cm":13411,"minecraft:deaths":3,"minecraft:sneak_time":93971,"minecraft:walk_under_water_one_cm":593,"minecraft:jump":3494,"minecraft:walk_on_water_one_cm":25530,"minecraft:inspect_dispenser":16},"minecraft:picked_up":{"minecraft:redstone_block":65,"minecraft:repeater":31,"minecraft:iron_door":6,"minecraft:crimson_stem":7,"minecraft:packed_ice":5,"minecraft:gold_block":9,"minecraft:crimson_fungus":2,"minecraft:birch_pressure_plate":7,"minecraft:twisting_vines":4,"minecraft:sticky_piston":154,"minecraft:white_carpet":1,"minecraft:glass":846,"minecraft:shroomlight":2,"minecraft:oak_sign":2,"minecraft:light_gray_glazed_terracotta":296,"minecraft:comparator":6,"minecraft:detector_rail":1,"minecraft:light_weighted_pressure_plate":1,"minecraft:redstone_torch":7,"minecraft:observer":100,"minecraft:minecart":1,"minecraft:powered_rail":2,"minecraft:chest":1,"minecraft:egg":7,"minecraft:black_stained_glass":9,"minecraft:warped_fungus":56,"minecraft:warped_wart_block":8,"minecraft:oak_pressure_plate":2,"minecraft:stone_button":8,"minecraft:redstone":405,"minecraft:shulker_box":26,"minecraft:tnt":46,"minecraft:weeping_vines":34,"minecraft:command_block":1,"minecraft:lever":5,"minecraft:honey_block":1,"minecraft:iron_block":3272,"minecraft:bone_meal":52230,"minecraft:nether_sprouts":179,"minecraft:warped_roots":324,"minecraft:crimson_roots":11}},"DataVersion":2532}